Feature,T-statistic,T-test p-value,KS-statistic,KS-test p-value
Pregnancies,-6.298430550035151,5.065127298053476e-10,0.2064776119402985,5.308990342866022e-07
Glucose,-15.673795182294105,3.1287190418423694e-48,0.43349253731343285,5.020536117852511e-30
BloodPressure,-4.65097622072597,3.8908354906479115e-06,0.16480597014925374,0.0001290113732643671
SkinThickness,-6.089214889295935,1.7939583262325698e-09,0.197044776119403,2.0542364708518675e-06
Insulin,-5.76114539252401,1.210025703412445e-08,0.22352238805970148,3.9041460576209256e-08
BMI,-9.09006441398665,8.336902677508856e-19,0.30208955223880596,1.4178054315936282e-14
DiabetesPedigreeFunction,-4.88582646072744,1.254607010148809e-06,0.1701492537313433,6.841012156655242e-05
Age,-6.792688071649956,2.2099754606654358e-11,0.3270746268656716,4.783018414618253e-17
